
INSERT INTO ACCOUNT
(ACCOUNT_ID, USERNAME, PASSWORD, STATUS, CREATED_BY, CREATED_TIME, UPDATED_BY, UPDATED_TIME)
VALUES(9, '18689778889', '$2a$10$TcbIhOvuLfqHhdaiR6bMd.kTH0UuvVlA4mDUWtDHjszy0iGkL3huu', 'valid', '0', '2022-10-17 10:50:41', '0', '2022-10-17 10:50:41');
INSERT INTO ACCOUNT
(ACCOUNT_ID, USERNAME, PASSWORD, STATUS, CREATED_BY, CREATED_TIME, UPDATED_BY, UPDATED_TIME)
VALUES(10, '18689778888', '$2a$10$V2ccQFLn2xj.ibZ6Zjq1.uA50PQzJFQLcfLnQAHw7Sb431hrzY7Ha', 'valid', '0', '2022-10-17 10:59:25', '0', '2022-10-17 10:59:25');


INSERT INTO `ROLE`
(ROLE_ID, ROLE_CODE, ROLE_NAME, STATUS, CREATED_BY, CREATED_TIME, UPDATED_BY, UPDATED_TIME)
VALUES(1, 'sys_admin', '系统管理员', 'valid', NULL, '2022-10-17 10:50:41', NULL, '2022-10-17 10:50:41');
INSERT INTO `ROLE`
(ROLE_ID, ROLE_CODE, ROLE_NAME, STATUS, CREATED_BY, CREATED_TIME, UPDATED_BY, UPDATED_TIME)
VALUES(2, 'librarian', '图书管理员', 'valid', NULL, '2022-10-17 10:50:41', NULL, '2022-10-17 10:50:41');
INSERT INTO `ROLE`
(ROLE_ID, ROLE_CODE, ROLE_NAME, STATUS, CREATED_BY, CREATED_TIME, UPDATED_BY, UPDATED_TIME)
VALUES(3, 'reader', '读者', 'valid', NULL, '2022-10-17 10:50:41', NULL, '2022-10-17 10:50:41');

--INSERT INTO RESOURCE
--(RESOURCE_ID, RESOURCE_TYPE, RESOURCE_URL_METHOD, RESOURCE_URL, RESOURCE_NAME, RESOURCE_DESCRIPTION, STATUS, CREATED_BY, CREATED_TIME, UPDATED_BY, UPDATED_TIME)
--VALUES(4, 'url', 'POST', '/account/register', ' 账户注册', NULL, 'valid', NULL, '2022-10-17 10:50:41', NULL, '2022-10-17 10:50:41');
INSERT INTO RESOURCE
(RESOURCE_ID, RESOURCE_TYPE, RESOURCE_URL_METHOD, RESOURCE_URL, RESOURCE_NAME, RESOURCE_DESCRIPTION, STATUS, CREATED_BY, CREATED_TIME, UPDATED_BY, UPDATED_TIME)
VALUES(5, 'url', 'POST', '/book', '  图书入库', NULL, 'valid', NULL, '2022-10-17 10:50:41', NULL, '2022-10-17 10:50:41');
INSERT INTO RESOURCE
(RESOURCE_ID, RESOURCE_TYPE, RESOURCE_URL_METHOD, RESOURCE_URL, RESOURCE_NAME, RESOURCE_DESCRIPTION, STATUS, CREATED_BY, CREATED_TIME, UPDATED_BY, UPDATED_TIME)
VALUES(6, 'url', 'DELETE', '/book/**', '  图书报废-遗失 库存总数量减1', NULL, 'valid', NULL, '2022-10-17 10:50:41', NULL, '2022-10-17 10:50:41');
INSERT INTO RESOURCE
(RESOURCE_ID, RESOURCE_TYPE, RESOURCE_URL_METHOD, RESOURCE_URL, RESOURCE_NAME, RESOURCE_DESCRIPTION, STATUS, CREATED_BY, CREATED_TIME, UPDATED_BY, UPDATED_TIME)
VALUES(7, 'url', 'GET', '/book', '  查询图书列表', NULL, 'valid', NULL, '2022-10-17 10:50:41', NULL, '2022-10-17 10:50:41');
INSERT INTO RESOURCE
(RESOURCE_ID, RESOURCE_TYPE, RESOURCE_URL_METHOD, RESOURCE_URL, RESOURCE_NAME, RESOURCE_DESCRIPTION, STATUS, CREATED_BY, CREATED_TIME, UPDATED_BY, UPDATED_TIME)
VALUES(8, 'url', 'POST', '/book-borrow', ' 借书 ', NULL, 'valid', NULL, '2022-10-17 10:50:41', NULL, '2022-10-17 10:50:41');
INSERT INTO RESOURCE
(RESOURCE_ID, RESOURCE_TYPE, RESOURCE_URL_METHOD, RESOURCE_URL, RESOURCE_NAME, RESOURCE_DESCRIPTION, STATUS, CREATED_BY, CREATED_TIME, UPDATED_BY, UPDATED_TIME)
VALUES(9, 'url', 'POST', '/book-return', ' 归还图书 ', NULL, 'valid', NULL, '2022-10-17 10:50:41', NULL, '2022-10-17 10:50:41');


INSERT INTO ACCOUNT_ROLE_RELATION
(ID, ACCOUNT_ID, ROLE_ID, STATUS, CREATED_BY, CREATED_TIME, UPDATED_BY, UPDATED_TIME)
VALUES(352362498, 10, 3, 'valid', '0', '2022-10-17 10:59:25', '0', '2022-10-17 10:59:25');
INSERT INTO ACCOUNT_ROLE_RELATION
(ID, ACCOUNT_ID, ROLE_ID, STATUS, CREATED_BY, CREATED_TIME, UPDATED_BY, UPDATED_TIME)
VALUES(536870913, 9, 3, 'valid', '0', '2022-10-17 10:50:41', '0', '2022-10-17 10:50:41');
INSERT INTO ACCOUNT_ROLE_RELATION
(ID, ACCOUNT_ID, ROLE_ID, STATUS, CREATED_BY, CREATED_TIME, UPDATED_BY, UPDATED_TIME)
VALUES(536870914, 9, 2, 'valid', NULL, NULL, NULL, NULL);

INSERT INTO ROLE_RESOURCE_RELATION
(ID, ROLE_ID, RESOURCE_ID, STATUS, CREATED_BY, CREATED_TIME, UPDATED_BY, UPDATED_TIME)
VALUES(1, 3, 7, 'valid', NULL, '2022-10-17 10:50:41', NULL, '2022-10-17 10:50:41');
INSERT INTO ROLE_RESOURCE_RELATION
(ID, ROLE_ID, RESOURCE_ID, STATUS, CREATED_BY, CREATED_TIME, UPDATED_BY, UPDATED_TIME)
VALUES(2, 2, 7, 'valid', NULL, '2022-10-17 10:50:41', NULL, '2022-10-17 10:50:41');
INSERT INTO ROLE_RESOURCE_RELATION
(ID, ROLE_ID, RESOURCE_ID, STATUS, CREATED_BY, CREATED_TIME, UPDATED_BY, UPDATED_TIME)
VALUES(3, 2, 9, 'valid', NULL, '2022-10-17 10:50:41', NULL, '2022-10-17 10:50:41');
INSERT INTO ROLE_RESOURCE_RELATION
(ID, ROLE_ID, RESOURCE_ID, STATUS, CREATED_BY, CREATED_TIME, UPDATED_BY, UPDATED_TIME)
VALUES(5, 2, 5, 'valid', NULL, '2022-10-17 10:50:41', NULL, '2022-10-17 10:50:41');
INSERT INTO ROLE_RESOURCE_RELATION
(ID, ROLE_ID, RESOURCE_ID, STATUS, CREATED_BY, CREATED_TIME, UPDATED_BY, UPDATED_TIME)
VALUES(6, 2, 6, 'valid', NULL, '2022-10-17 10:50:41', NULL, '2022-10-17 10:50:41');
INSERT INTO ROLE_RESOURCE_RELATION
(ID, ROLE_ID, RESOURCE_ID, STATUS, CREATED_BY, CREATED_TIME, UPDATED_BY, UPDATED_TIME)
VALUES(7, 2, 8, 'valid', NULL, '2022-10-17 10:50:41', NULL, '2022-10-17 10:50:41');


INSERT INTO PERSON_ACCOUNT_RELATION
(ID, PERSON_ID, ACCOUNT_ID, STATUS, CREATED_BY, CREATED_TIME, UPDATED_BY, UPDATED_TIME)
VALUES(7, 9, 9, 'valid', '0', '2022-10-17 10:50:41', '0', '2022-10-17 10:50:41');
INSERT INTO PERSON_ACCOUNT_RELATION
(ID, PERSON_ID, ACCOUNT_ID, STATUS, CREATED_BY, CREATED_TIME, UPDATED_BY, UPDATED_TIME)
VALUES(8, 10, 10, 'valid', '0', '2022-10-17 10:59:25', '0', '2022-10-17 10:59:25');

INSERT INTO PERSON
(PERSON_ID, FIRST_NAME, LAST_NAME, ID_TYPE, ID_VALUE, STATUS, CREATED_BY, CREATED_TIME, UPDATED_BY, UPDATED_TIME)
VALUES(9, '三', '张', '', '', 'valid', '0', '2022-10-17 10:50:41', '0', '2022-10-17 10:50:41');
INSERT INTO PERSON
(PERSON_ID, FIRST_NAME, LAST_NAME, ID_TYPE, ID_VALUE, STATUS, CREATED_BY, CREATED_TIME, UPDATED_BY, UPDATED_TIME)
VALUES(10, '三', '张', '', '', 'valid', '0', '2022-10-17 10:59:25', '0', '2022-10-17 10:59:25');

INSERT INTO CONTACT
(CONTACT_ID, CONTACT_TYPE, CONTACT_INFO, PERSON_ID, IS_PRIMARY, STATUS, CREATED_BY, CREATED_TIME, UPDATED_BY, UPDATED_TIME)
VALUES(7, 'phone_number', '18689778889', 9, 'Y', 'valid', '0', '2022-10-17 10:50:41', '0', '2022-10-17 10:50:41');
INSERT INTO CONTACT
(CONTACT_ID, CONTACT_TYPE, CONTACT_INFO, PERSON_ID, IS_PRIMARY, STATUS, CREATED_BY, CREATED_TIME, UPDATED_BY, UPDATED_TIME)
VALUES(8, 'phone_number', '18689778888', 10, 'Y', 'valid', '0', '2022-10-17 10:59:25', '0', '2022-10-17 10:59:25');

